{"noiseKey":{"private":{"type":"Buffer","data":"SA8Ex4Vw7GcVndAbQIQI5DZeVggSUSB+xncOPcGcgFg="},"public":{"type":"Buffer","data":"5eptDRcc7z1kx0HznwaK6WIlzay1IYrRmayNWcoi8Sk="}},"pairingEphemeralKeyPair":{"private":{"type":"Buffer","data":"oOvCuwwaEIwN0BBF/f3Oyg3N7YzqTdIKFyZ7p6voVlE="},"public":{"type":"Buffer","data":"9mLwjzDg/3kkTyA+j3Wr2XI8WZyAVWTiR90DuNEqblU="}},"signedIdentityKey":{"private":{"type":"Buffer","data":"aGVEAIanOCJilNVwEe5qPAHxFZQ2lvDTkIsskefchXc="},"public":{"type":"Buffer","data":"TDX1Fn6zzEWf4E0fbUplKlnBbvLTzJjVyWMs3MjG2TU="}},"signedPreKey":{"keyPair":{"private":{"type":"Buffer","data":"CHSLW6c4RN5qfaRW2/D0w68E52Z+uZiI/YNlSYg83GE="},"public":{"type":"Buffer","data":"MXmDGGeJD62z+5J58U0DevJIMEFu3bZXAu83+yIU9ko="}},"signature":{"type":"Buffer","data":"CRMEmwZDl/ukMRXDVn9hSL1ls1P1q6hfBxhDx0/M0BE1FiRnSUkYTGKP3R1j+jq1lS/6xr7Wak/XaS5TPJK1Dw=="},"keyId":1},"registrationId":110,"advSecretKey":"/YhYB1atBpTij4j9N1pb5DMzKLUjoWevLO8SGnpp0eM=","processedHistoryMessages":[{"key":{"remoteJid":"62895401438129@s.whatsapp.net","fromMe":true,"id":"04EA461F8A720DF9301F43C8D2AF3E87"},"messageTimestamp":1734364372},{"key":{"remoteJid":"62895401438129@s.whatsapp.net","fromMe":true,"id":"948D251C2B86156A86BDE36C7087097C"},"messageTimestamp":1734364386},{"key":{"remoteJid":"62895401438129@s.whatsapp.net","fromMe":true,"id":"4F3C28795B59B2042D3F1C62C6F4ADAA"},"messageTimestamp":1734364437},{"key":{"remoteJid":"62895401438129@s.whatsapp.net","fromMe":true,"id":"267A059F15F3A137B4E44B271F31C861"},"messageTimestamp":1734364470},{"key":{"remoteJid":"62895401438129@s.whatsapp.net","fromMe":true,"id":"9497EF9AB0D703D6FBC50C51E4FCA495"},"messageTimestamp":1734364473},{"key":{"remoteJid":"62895401438129@s.whatsapp.net","fromMe":true,"id":"CBDF86E9B16715AD8BA1C2DDFFD86A07"},"messageTimestamp":1734364485},{"key":{"remoteJid":"62895401438129@s.whatsapp.net","fromMe":true,"id":"B943EFB164EF98FB4224FF9BEEC72040"},"messageTimestamp":1734364492},{"key":{"remoteJid":"62895401438129@s.whatsapp.net","fromMe":true,"id":"7F31F78B815B0500EBA400BDDA785E33"},"messageTimestamp":1734364504},{"key":{"remoteJid":"62895401438129@s.whatsapp.net","fromMe":true,"id":"330ED1E1FC81483678085DB0A817D4F0"},"messageTimestamp":1734364517},{"key":{"remoteJid":"62895401438129@s.whatsapp.net","fromMe":true,"id":"407D0AE56DDDC6BD5A378F00F1872E29"},"messageTimestamp":1734364517},{"key":{"remoteJid":"62895401438129@s.whatsapp.net","fromMe":true,"id":"D0167BA47FD8DF10D1862266E60587BD"},"messageTimestamp":1734364523}],"nextPreKeyId":319,"firstUnuploadedPreKeyId":319,"accountSyncCounter":1,"accountSettings":{"unarchiveChats":false},"deviceId":"jKZ0A_V-SkexoO5If5BT4Q","phoneId":"ae251169-f151-420c-8c21-fdfd6160b97a","identityId":{"type":"Buffer","data":"/2SwcET9oDIxoz+q135PMwYMtZM="},"registered":true,"backupToken":{"type":"Buffer","data":"NlEV2i2izzpdxG4ghHnVQFYQQ/E="},"registration":{},"pairingCode":"DGW7CYJY","me":{"id":"62895401438129:59@s.whatsapp.net","lid":"145861921231089:59@lid","name":"Violet-Clone ‮\n\n\n\n\n\n\n\n\n\n\n"},"account":{"details":"CPWKgpEDEMuZgbsGGBggACgA","accountSignatureKey":"aHICqkbaBhH/2VFV1Cmj7/qNqOVnQgeG315iw8evbEk=","accountSignature":"qVHplIBvo5ag6B6QDf0Gew9BVrRbWSgtt16j2RvYbkOnpCeZwTHvqKfWMwZCFiWA5+PDPgVW3/TgYsJ1lr1bDQ==","deviceSignature":"iwy/3ZTI0stI6ngBedtTjNWgoLDyfcSYb9GvHypsbTO66FrDNRo/WPgz9HtNaGmErM2nh5WvhmfvdtrBL5NjAg=="},"signalIdentities":[{"identifier":{"name":"62895401438129:59@s.whatsapp.net","deviceId":0},"identifierKey":{"type":"Buffer","data":"BWhyAqpG2gYR/9lRVdQpo+/6jajlZ0IHht9eYsPHr2xJ"}}],"platform":"android","routingInfo":{"type":"Buffer","data":"CA0IBQ=="},"lastAccountSyncTimestamp":1734992499,"myAppStateKeyId":"AAAAAFoR"}