{"_sessions":{"BfQJec8C8019RhUDGJilrMX+ouJaPXOvTIuoNV3Jg7ww":{"registrationId":247,"currentRatchet":{"ephemeralKeyPair":{"pubKey":"BTHVwjj2xA6gPHulw4wAp5myVoFakoHvt3stnYv3nGZW","privKey":"MIhwRnbcZq5JSB+cqnj05MWVOPB7JM7mCmcaegjJL38="},"lastRemoteEphemeralKey":"BUSTwywyL88aNMXrtvZOa5qYa8cLWon6J0oHCLOUxD1z","previousCounter":0,"rootKey":"OazGAFr968FigIraMSumvAL/SYKG2Mx3oVfosa0dkfM="},"indexInfo":{"baseKey":"BfQJec8C8019RhUDGJilrMX+ouJaPXOvTIuoNV3Jg7ww","baseKeyType":1,"closed":-1,"used":1735234187826,"created":1735234187826,"remoteIdentityKey":"BQhjA4Ud+bA3K8kzKSrjgAc4yyslMK1N2kgI7B+2HG5S"},"_chains":{"BTHVwjj2xA6gPHulw4wAp5myVoFakoHvt3stnYv3nGZW":{"chainKey":{"counter":1,"key":"UM4f+Ypx+fhpz8H9uxEs1FKso2GXbSp3nOAp1F9hKXM="},"chainType":1,"messageKeys":{}}},"pendingPreKey":{"signedKeyId":1,"baseKey":"BfQJec8C8019RhUDGJilrMX+ouJaPXOvTIuoNV3Jg7ww"}}},"version":"v1"}