{"_sessions":{"BRTLO+j32AN3sMDWauBBJlKMt1kFLD8krMq1cMuIMrQG":{"registrationId":210,"currentRatchet":{"ephemeralKeyPair":{"pubKey":"BVYNPdDJTRCM0oGJoDvW6BTTranVJBesnFSlSkp+LcRT","privKey":"+B4f5ZEP/QLl2+20WBphviQb6oORrzudi20d71Lr6n0="},"lastRemoteEphemeralKey":"BcKT3uw+W5CIdF3JPuj1L59C4p8AIWTOjeJtt/OZg752","previousCounter":0,"rootKey":"hfwM7QcUvwUqvVZfritwTdBTnTpms9DClr0gCVUyrnw="},"indexInfo":{"baseKey":"BRTLO+j32AN3sMDWauBBJlKMt1kFLD8krMq1cMuIMrQG","baseKeyType":1,"closed":-1,"used":1735234187871,"created":1735234187871,"remoteIdentityKey":"BU08FH2CquVkIDo0LjF1bUFZB3qjizNAZHFf/yeEduBq"},"_chains":{"BVYNPdDJTRCM0oGJoDvW6BTTranVJBesnFSlSkp+LcRT":{"chainKey":{"counter":1,"key":"H0VyyMeWdHHdJneOERvSRlrbhfkwFCHrZISNZPODrgU="},"chainType":1,"messageKeys":{}}},"pendingPreKey":{"signedKeyId":1,"baseKey":"BRTLO+j32AN3sMDWauBBJlKMt1kFLD8krMq1cMuIMrQG"}}},"version":"v1"}