{"_sessions":{"BTyeL1aBKpeT6xDUEnfB5mcZx18J7dJfx1Ot/XrWFEMN":{"registrationId":927712846,"currentRatchet":{"ephemeralKeyPair":{"pubKey":"BRXJwdcOZFCp1aouSFOG58wyGLe9ktNRukOJ2FZAhE5B","privKey":"cAdjIR+98pi/llJUnO4nPIU0brj90cRnm1SRifOBl1g="},"lastRemoteEphemeralKey":"BfrfmiNc0VHtL9Jf60KLtNZwa/M8WOzeIFfEiVA2FW1c","previousCounter":0,"rootKey":"J9xbByqbmws06x76DZ3Ia6X1+QaSCH1e3LlhDNODBbI="},"indexInfo":{"baseKey":"BTyeL1aBKpeT6xDUEnfB5mcZx18J7dJfx1Ot/XrWFEMN","baseKeyType":1,"closed":-1,"used":1735234186226,"created":1735234186226,"remoteIdentityKey":"BSEgvn3ScgsKS78XoR/bhrKNzbtfAvTBWVNnpZXiSOZt"},"_chains":{"BRXJwdcOZFCp1aouSFOG58wyGLe9ktNRukOJ2FZAhE5B":{"chainKey":{"counter":1,"key":"MnTAg8OhPrWUhDK5KojtXekgvP3Y7c3MjJB0RnMZlMY="},"chainType":1,"messageKeys":{}}},"pendingPreKey":{"signedKeyId":4,"baseKey":"BTyeL1aBKpeT6xDUEnfB5mcZx18J7dJfx1Ot/XrWFEMN","preKeyId":10902797}}},"version":"v1"}