{"_sessions":{"BXJUhGlP6kWb4YBhl3JGYgHGIHfYUCH3U6VNDg+cduhB":{"registrationId":122665550,"currentRatchet":{"ephemeralKeyPair":{"pubKey":"BY9+0R0gbrZH1vRbH3qy6Hr9DhmlAUYcma4N1+nuU1AU","privKey":"IMu5nWSOiVthJXh9m7C9ZNgKSKaDTqhxptAUcOEpYlg="},"lastRemoteEphemeralKey":"BWBPykh8mzSJLBsnWZVCCPhZLFA5To7GeXrt42NBzMIc","previousCounter":0,"rootKey":"9d+KZXgOpDgMFMk8Rd/NNKJMzQA68LkzbNV7Y81L6c0="},"indexInfo":{"baseKey":"BXJUhGlP6kWb4YBhl3JGYgHGIHfYUCH3U6VNDg+cduhB","baseKeyType":1,"closed":-1,"used":1735234187888,"created":1735234187888,"remoteIdentityKey":"BWhyAqpG2gYR/9lRVdQpo+/6jajlZ0IHht9eYsPHr2xJ"},"_chains":{"BY9+0R0gbrZH1vRbH3qy6Hr9DhmlAUYcma4N1+nuU1AU":{"chainKey":{"counter":6,"key":"TbMoMXeTrmq7UWMyxHCsAMnEI/IOHIDgeUIvFO4kZpE="},"chainType":1,"messageKeys":{}}},"pendingPreKey":{"signedKeyId":6,"baseKey":"BXJUhGlP6kWb4YBhl3JGYgHGIHfYUCH3U6VNDg+cduhB","preKeyId":12890640}}},"version":"v1"}