{"_sessions":{"BYRFHizeLnzgsAYNyTu48cC91upW3fAmy71GIGgzshMn":{"registrationId":228,"currentRatchet":{"ephemeralKeyPair":{"pubKey":"BTgXpFRi6Dd1AoGTB9wEfkL6ohy0vBLG2QeI7wDApgwT","privKey":"4CJ+fmIS0HVp4akYQc4YOQlWktmq1vXNxfqalfXOMXk="},"lastRemoteEphemeralKey":"BQZ+hL354815Pba0wvJrXvo68y0TVctWBNBy5Lr2qzVE","previousCounter":0,"rootKey":"+pySg4Vn2eGgXxh9JTAECi6DpuwP00kqQqVVfAFZAAM="},"indexInfo":{"baseKey":"BYRFHizeLnzgsAYNyTu48cC91upW3fAmy71GIGgzshMn","baseKeyType":1,"closed":-1,"used":1735234187834,"created":1735234187834,"remoteIdentityKey":"BeL0ij2TdDIwDX71POVKW5rqauhaSzKXLTnTAuF6iE9k"},"_chains":{"BTgXpFRi6Dd1AoGTB9wEfkL6ohy0vBLG2QeI7wDApgwT":{"chainKey":{"counter":1,"key":"lyqRQsDjiBLqMp32+V8jqMKk5bhvKfI23V8PUtRRi9A="},"chainType":1,"messageKeys":{}}},"pendingPreKey":{"signedKeyId":1,"baseKey":"BYRFHizeLnzgsAYNyTu48cC91upW3fAmy71GIGgzshMn"}}},"version":"v1"}