{"_sessions":{"BTlvYtpFhJ4SG4A0xntZMRSWS+VUvdqQd99kxEuythVC":{"registrationId":45,"currentRatchet":{"ephemeralKeyPair":{"pubKey":"BcgFpXYn4gZO5NcJnRMtmIUAnnQMTJ189S8haGjqvjpZ","privKey":"uNJO+pOnJfdfDxl88gIzrRahuvf4eSAYHL3YHRaTH0k="},"lastRemoteEphemeralKey":"BVVjRWsQo/kxcoRV3r24OhxZesb1pswPHEtTFfcvV9Js","previousCounter":0,"rootKey":"VnX/awm7wH4YCBH6w4c7u9yP6ULfZt2L0TLcIYln/QE="},"indexInfo":{"baseKey":"BTlvYtpFhJ4SG4A0xntZMRSWS+VUvdqQd99kxEuythVC","baseKeyType":1,"closed":-1,"used":1735234187857,"created":1735234187857,"remoteIdentityKey":"BWUrdKxUi8Jgu0rL0vT33r2u1VVzoF32CTAF1fAMbsco"},"_chains":{"BcgFpXYn4gZO5NcJnRMtmIUAnnQMTJ189S8haGjqvjpZ":{"chainKey":{"counter":1,"key":"jaz3GUlpppPjkZGGFay8C3GXejYnJR5UMtKxcGEfvgA="},"chainType":1,"messageKeys":{}}},"pendingPreKey":{"signedKeyId":1,"baseKey":"BTlvYtpFhJ4SG4A0xntZMRSWS+VUvdqQd99kxEuythVC"}}},"version":"v1"}