{"_sessions":{"BQ/olzGZaK7jIGdmi1UI0O1NmYtwHyydlIxqO/6jY7x6":{"registrationId":174,"currentRatchet":{"ephemeralKeyPair":{"pubKey":"BX4GE7B64j1gGUfppUrMmmPzg/0AV4dwA3Kkkgpl6Vd8","privKey":"IPbH0B15SD2VL/2YHAYKmcKDEBIbguW7UFO87U2Mll4="},"lastRemoteEphemeralKey":"BRQ3xSYzf039jktV22MXM4iubHhorpE4+jUqfhPayOQf","previousCounter":0,"rootKey":"mdd7kJnBOKvrWwYEewZIWdNLYgHMALIHUGH/YbYtRmE="},"indexInfo":{"baseKey":"BQ/olzGZaK7jIGdmi1UI0O1NmYtwHyydlIxqO/6jY7x6","baseKeyType":1,"closed":-1,"used":1735234187851,"created":1735234187851,"remoteIdentityKey":"BT8jLlGnjfB72zrtCszoav1Ks6tAuqnHKL3UqbYWbQ5i"},"_chains":{"BX4GE7B64j1gGUfppUrMmmPzg/0AV4dwA3Kkkgpl6Vd8":{"chainKey":{"counter":1,"key":"kqMQrsd0gT/gtxxQAqo/0ZXK5SciaWdcxywuYa+x1WM="},"chainType":1,"messageKeys":{}}},"pendingPreKey":{"signedKeyId":1,"baseKey":"BQ/olzGZaK7jIGdmi1UI0O1NmYtwHyydlIxqO/6jY7x6"}}},"version":"v1"}