{"_sessions":{"BdjkxTvppPMg6YE1TwZ75K1DEYFP7CRfveD0803Qgyo7":{"registrationId":248,"currentRatchet":{"ephemeralKeyPair":{"pubKey":"BbW9aAZGGh8kp2OWvvVT1v/d0vCeZkvX3PTOUngvA3hK","privKey":"kJDU3EO3eWflEmzwYBhpio/u2m6HWETMPioV9W9IP34="},"lastRemoteEphemeralKey":"Bc+Vt01S2Kx++56UQeErVGTm5twZQVjJePxYcfJJjCNq","previousCounter":0,"rootKey":"OEGq5/LRq5IKa6Cq4YykBv9btKywwuXhirb+PXj7ho0="},"indexInfo":{"baseKey":"BdjkxTvppPMg6YE1TwZ75K1DEYFP7CRfveD0803Qgyo7","baseKeyType":1,"closed":-1,"used":1735234187799,"created":1735234187799,"remoteIdentityKey":"Bfno7EBEYeGY6PvBPQA/mYr3G0q887AMlcNpF+s4+UhJ"},"_chains":{"BbW9aAZGGh8kp2OWvvVT1v/d0vCeZkvX3PTOUngvA3hK":{"chainKey":{"counter":1,"key":"bYABXXAGTI8RC6JqYJaMAiztt5bUhg0r99SwssYyedo="},"chainType":1,"messageKeys":{}}},"pendingPreKey":{"signedKeyId":1,"baseKey":"BdjkxTvppPMg6YE1TwZ75K1DEYFP7CRfveD0803Qgyo7"}}},"version":"v1"}