{"_sessions":{"Bf+YVE/crxKSZJKWAbVrKKdZFUBxNWgmzTpPcHrA+DNV":{"registrationId":22,"currentRatchet":{"ephemeralKeyPair":{"pubKey":"BQXOt+qff6P2BemyaPMy5OFgCLP9FdzkKu0gnbaE3otL","privKey":"AKqK3NG01f++gcSQPiUku2+1hq7Max3v0FWqvULJGW0="},"lastRemoteEphemeralKey":"BW20XNxzDjmgv81qExdfmSb2DC7jdhwrlkY0QW0WgE0l","previousCounter":0,"rootKey":"D8R2oqoLmw4Al43moOavTTll/vTE1aVoyPN85+dlGTM="},"indexInfo":{"baseKey":"Bf+YVE/crxKSZJKWAbVrKKdZFUBxNWgmzTpPcHrA+DNV","baseKeyType":1,"closed":-1,"used":1735234187819,"created":1735234187819,"remoteIdentityKey":"BXj1um9gojyiYKD0IZNfKyIRzP2A/rrKOI+qsjh4sw5I"},"_chains":{"BQXOt+qff6P2BemyaPMy5OFgCLP9FdzkKu0gnbaE3otL":{"chainKey":{"counter":1,"key":"n7oIOI9HkbV5Kt0db0XDwEoZ/aPRS6Qg0SDn4EPJ47U="},"chainType":1,"messageKeys":{}}},"pendingPreKey":{"signedKeyId":1,"baseKey":"Bf+YVE/crxKSZJKWAbVrKKdZFUBxNWgmzTpPcHrA+DNV"}}},"version":"v1"}