{"_sessions":{"BefVxe4S6PvdKjy1rMs15AlUPj3a5sVK9GGq0KbNnpRO":{"registrationId":90,"currentRatchet":{"ephemeralKeyPair":{"pubKey":"BfybJtEKDhvNHOQKGLFObSWOLupeNVGYzbWtpXiqzQ4u","privKey":"YEkZIB0LmWwvNmgJtK5fHUTQBRTHqg8be/n8qatDvF4="},"lastRemoteEphemeralKey":"BZSw5Q9aVl54TQLX6uMzXpoePu0UtAS/81CRbw9OGXcC","previousCounter":0,"rootKey":"v/GXV3WhX/HKeZvMkIdBcIz89PM7LWhMVkRQDgXI1lY="},"indexInfo":{"baseKey":"BefVxe4S6PvdKjy1rMs15AlUPj3a5sVK9GGq0KbNnpRO","baseKeyType":1,"closed":-1,"used":1735234187811,"created":1735234187811,"remoteIdentityKey":"BX/NoVGa0W1/Npdi4Yh6lxaWdw+OUyujpjMLThE2ZxFR"},"_chains":{"BfybJtEKDhvNHOQKGLFObSWOLupeNVGYzbWtpXiqzQ4u":{"chainKey":{"counter":1,"key":"8RkBCMu1xw8KnQAbRS16bHhNK5cTSMkjl5YLWJb3LKU="},"chainType":1,"messageKeys":{}}},"pendingPreKey":{"signedKeyId":1,"baseKey":"BefVxe4S6PvdKjy1rMs15AlUPj3a5sVK9GGq0KbNnpRO"}}},"version":"v1"}