{"_sessions":{"Bdb1E1piYrf+grlFkT82a3cb6agfspnHCfxymAcMOXtF":{"registrationId":122,"currentRatchet":{"ephemeralKeyPair":{"pubKey":"BSBpWMja83uM9KZunidpEsIDsT+io0CgX8xR7t53sEQE","privKey":"MG8V5jABrLD73E5muBw2DyMtc9jeUmmmW9Nag/KJTmU="},"lastRemoteEphemeralKey":"BV7UNo1Hq3FVBdgwijjV1KkpE5fXRWyAwPjm6gPBNX5P","previousCounter":0,"rootKey":"9X7Q0cEZympBUkK5MUhCv0BG8hMUP4+MC9mJBdZncow="},"indexInfo":{"baseKey":"Bdb1E1piYrf+grlFkT82a3cb6agfspnHCfxymAcMOXtF","baseKeyType":1,"closed":-1,"used":1735234187791,"created":1735234187791,"remoteIdentityKey":"BVpNRXWJyxzp6Vk7gA58khUExVphvQjeMsCvCuSXli48"},"_chains":{"BSBpWMja83uM9KZunidpEsIDsT+io0CgX8xR7t53sEQE":{"chainKey":{"counter":1,"key":"aNqyRUUhELGv6itoR6HMouAWfRNyWJVrBZ6KgvNSaMg="},"chainType":1,"messageKeys":{}}},"pendingPreKey":{"signedKeyId":1,"baseKey":"Bdb1E1piYrf+grlFkT82a3cb6agfspnHCfxymAcMOXtF"}}},"version":"v1"}