{"_sessions":{"BWYsa32j6FveTqhl/10qMx/WXp11R2OK5NOC/mSrb3NG":{"registrationId":996755198,"currentRatchet":{"ephemeralKeyPair":{"pubKey":"BUHNUkXsmF/kcCoJcuetQx8/lIC7JIevBLae9PeO/2gq","privKey":"mLkALfwWJj6AJad+Suja+2FITqtnnCrI266RXvP0rmk="},"lastRemoteEphemeralKey":"BXkkxYvt+aJpi/qSAvAKK+53CksoJYGocBEGo1pws+xW","previousCounter":0,"rootKey":"KKYSQYoLvglx1xEi4qCoaNQ1Y+Y2CwLsYzaxWVtxS9I="},"indexInfo":{"baseKey":"BWYsa32j6FveTqhl/10qMx/WXp11R2OK5NOC/mSrb3NG","baseKeyType":1,"closed":-1,"used":1735234187881,"created":1735234187881,"remoteIdentityKey":"BRrs0jhgvfSY4n/bBXwDNlaqfgKi6tC3wpXSgJPt/UFW"},"_chains":{"BUHNUkXsmF/kcCoJcuetQx8/lIC7JIevBLae9PeO/2gq":{"chainKey":{"counter":1,"key":"6aapsePa4Du3ACluEVc/L8HFMdz8GDdAWDqXzKfWiZE="},"chainType":1,"messageKeys":{}}},"pendingPreKey":{"signedKeyId":0,"baseKey":"BWYsa32j6FveTqhl/10qMx/WXp11R2OK5NOC/mSrb3NG","preKeyId":6439305}}},"version":"v1"}