{"_sessions":{"BaZf0fw3rdXQJST5d0eaBUxilG3dM1jJGvFeWqMGRMVW":{"registrationId":170985483,"currentRatchet":{"ephemeralKeyPair":{"pubKey":"BfyjRmNiqZvR4YxJmoeYmYPztAeY2ueKwKDqOFpC7pMd","privKey":"4EOYISU+PXRYuU5jnKLs47iiw3eEjGqzY2m8Ii3dbVs="},"lastRemoteEphemeralKey":"Bbyr4Pvhg3X/4ih9ZBSkZMti1ipfQSiYPkWZm6kIlBQ2","previousCounter":0,"rootKey":"CGR+CIcYJhtOiqna/jdZYQ3YthpN7qYTRjQrxSaBI5I="},"indexInfo":{"baseKey":"BaZf0fw3rdXQJST5d0eaBUxilG3dM1jJGvFeWqMGRMVW","baseKeyType":1,"closed":-1,"used":1735234215040,"created":1735234186530,"remoteIdentityKey":"BWo4mAjt6u3R6dm6diu/t8mzijSW+FI2+bZ8lzaPXQAb"},"_chains":{"BfDDWHA6OKqWPa5SHf5fwnbsNRxX3nfbUpEQbmdp46M2":{"chainKey":{"counter":0},"chainType":2,"messageKeys":{}},"Bbyr4Pvhg3X/4ih9ZBSkZMti1ipfQSiYPkWZm6kIlBQ2":{"chainKey":{"counter":0,"key":"n3hEjfUiVX8Zjr+9hoNVRHi1h6vr1HLN18l+YOADSUo="},"chainType":2,"messageKeys":{}},"BfyjRmNiqZvR4YxJmoeYmYPztAeY2ueKwKDqOFpC7pMd":{"chainKey":{"counter":-1,"key":"omrYU75N9bIEFEfz0s79ms8FGQlTnbdumZgNMZEU/8k="},"chainType":1,"messageKeys":{}}}}},"version":"v1"}