{"_sessions":{"BXqnqvEr9fKxR1FE2ccDsHXrG9ct5m3vpOgcItKkXU5N":{"registrationId":209,"currentRatchet":{"ephemeralKeyPair":{"pubKey":"BQv5iQoW3wkAzo5K+iZiL9aF0kRQ+HI+kTGQ6d92vzRB","privKey":"mJL1ilIVWR7/G40EGpRHZLth31MyITPkuRRV4D6FeGM="},"lastRemoteEphemeralKey":"BTKg/sPpmj9OC/1K4sJ8LRR/B5voO9pLrTgN3S03NV8m","previousCounter":0,"rootKey":"fou/cy32iH/wY8uvxa0lizu0bZZTAT9hsXsXlXAQ5Co="},"indexInfo":{"baseKey":"BXqnqvEr9fKxR1FE2ccDsHXrG9ct5m3vpOgcItKkXU5N","baseKeyType":1,"closed":-1,"used":1735234187864,"created":1735234187864,"remoteIdentityKey":"BUE2aeDhZBU9SDjULXLDW5/58+KBplFZDzwP8nher+ZM"},"_chains":{"BQv5iQoW3wkAzo5K+iZiL9aF0kRQ+HI+kTGQ6d92vzRB":{"chainKey":{"counter":1,"key":"CA/xWnArwJAlcFzUYJPF9E4KXRdTYzQGT3mDZP+r6ro="},"chainType":1,"messageKeys":{}}},"pendingPreKey":{"signedKeyId":1,"baseKey":"BXqnqvEr9fKxR1FE2ccDsHXrG9ct5m3vpOgcItKkXU5N"}}},"version":"v1"}