{"_sessions":{"Bcc07f/FcMjjjH3JSw2tJOl/WQ4cF9JAHKHrlNY6lp8E":{"registrationId":237,"currentRatchet":{"ephemeralKeyPair":{"pubKey":"Bdw7kHO8TOaqfMqRbfJo3Gu2IvgHNy37eJm4gx+D4CdO","privKey":"cMCicdq7gpjcSVRB6XQXyfs3FpyV1He73JUXYyeLWFA="},"lastRemoteEphemeralKey":"BQVFf9y0LHSdJShPU0e3gikwmQQZPx98uaL3EM2MbpR+","previousCounter":0,"rootKey":"Hfwtn2rcMtcaKrsvWO8sSSYqEwosx0yRtEfZZcVfKMQ="},"indexInfo":{"baseKey":"Bcc07f/FcMjjjH3JSw2tJOl/WQ4cF9JAHKHrlNY6lp8E","baseKeyType":1,"closed":1735234193041,"used":1735234187843,"created":1735234187843,"remoteIdentityKey":"BX4QEC/d3gaPQccy9pV/gtSmSzdyaOi76zf5nHPM6K47"},"_chains":{"Bdw7kHO8TOaqfMqRbfJo3Gu2IvgHNy37eJm4gx+D4CdO":{"chainKey":{"counter":0,"key":"u5uxo/9U2m3TdCf8dNxCDgeVDD++twkYLlgHWRfEgx8="},"chainType":1,"messageKeys":{}}},"pendingPreKey":{"signedKeyId":1,"baseKey":"Bcc07f/FcMjjjH3JSw2tJOl/WQ4cF9JAHKHrlNY6lp8E","preKeyId":4748}},"BbVVjgdST5cae9YgrMkvPLmDlO0TIWgcJQDBkj/1RtZv":{"registrationId":237,"currentRatchet":{"ephemeralKeyPair":{"pubKey":"BSNF2BCJ+NmmknTIbPkr5N1TRCd2oGZzbnk7pdSIEfc8","privKey":"SEWhAxbSFYddwTIMeizz8wHzoP9iCIHTtEFjqsQjHmg="},"lastRemoteEphemeralKey":"BQVFf9y0LHSdJShPU0e3gikwmQQZPx98uaL3EM2MbpR+","previousCounter":0,"rootKey":"Bmu4C97+tJL/xcybhnNKHffSQ064UeNCkj45/KSURo0="},"indexInfo":{"baseKey":"BbVVjgdST5cae9YgrMkvPLmDlO0TIWgcJQDBkj/1RtZv","baseKeyType":1,"closed":1735234195085,"used":1735234193038,"created":1735234193038,"remoteIdentityKey":"BX4QEC/d3gaPQccy9pV/gtSmSzdyaOi76zf5nHPM6K47"},"_chains":{"BSNF2BCJ+NmmknTIbPkr5N1TRCd2oGZzbnk7pdSIEfc8":{"chainKey":{"counter":-1,"key":"pEboYX+V1a+H6OYTkyByae3GFm2MpUkIbhMtrwFRbp8="},"chainType":1,"messageKeys":{}}},"pendingPreKey":{"signedKeyId":1,"baseKey":"BbVVjgdST5cae9YgrMkvPLmDlO0TIWgcJQDBkj/1RtZv","preKeyId":4736}},"BZuVjd0H4XNIpK09r1vyF5szmJhIO1s9irBGd2KVQUdd":{"registrationId":237,"currentRatchet":{"ephemeralKeyPair":{"pubKey":"BUDIFqWNYYN1msqE+6Al0LfxaeKjUuSD+ZQw6/AZN+1i","privKey":"iM1y+fJis37Wn6RSU4fQxWzr3Q/RqYk/bPB5x+2t3H8="},"lastRemoteEphemeralKey":"BaTaxC7UAXRcPIVzT7J8+1DOFz+e8X4fKHnKGKYfL059","previousCounter":0,"rootKey":"MBw4OEPD5MQKHdOLJKhz1iJslWaRdCfrwHVveF1EO2U="},"indexInfo":{"baseKey":"BZuVjd0H4XNIpK09r1vyF5szmJhIO1s9irBGd2KVQUdd","baseKeyType":2,"closed":-1,"used":1735234195091,"created":1735234195091,"remoteIdentityKey":"BX4QEC/d3gaPQccy9pV/gtSmSzdyaOi76zf5nHPM6K47"},"_chains":{"BaTaxC7UAXRcPIVzT7J8+1DOFz+e8X4fKHnKGKYfL059":{"chainKey":{"counter":0,"key":"X014uc+5AjvqfCLIssL6GTEvh+UMSfcfMk66CSvf5WA="},"chainType":2,"messageKeys":{}},"BUDIFqWNYYN1msqE+6Al0LfxaeKjUuSD+ZQw6/AZN+1i":{"chainKey":{"counter":0,"key":"10DUzmu+6jjUJELTmpKj5g2dPNm5I+XAEpcem3NbGpA="},"chainType":1,"messageKeys":{}}}}},"version":"v1"}