{
  "users": {},
  "chats": {
    "62895615063060@s.whatsapp.net": {
      "autodownload": true,
      "autodown": true
    },
    "120363207338528857@g.us": {
      "autodownload": true,
      "autodown": false
    },
    "212601546815@s.whatsapp.net": {
      "autodown": false
    },
    "6282162938464@s.whatsapp.net": {
      "autodown": false
    },
    "120363189162607817@g.us": {
      "autodown": true
    },
    "120363342976800779@newsletter": {
      "autodown": false
    },
    "120363305924237848@newsletter": {
      "autodown": false
    },
    "120363297314470847@newsletter": {
      "autodown": false
    },
    "120363328909338947@g.us": {
      "autodown": false
    },
    "120363346887556404@newsletter": {
      "autodown": false
    },
    "120363331952824949@g.us": {
      "autodown": false
    },
    "120363351064505930@newsletter": {
      "autodown": false
    },
    "120363208710632243@newsletter": {
      "autodown": false
    },
    "120363289038914459@newsletter": {
      "autodown": false
    },
    "120363317772094868@g.us": {
      "autodown": false
    },
    "120363040549035342@g.us": {
      "autodown": false
    },
    "120363320517898499@newsletter": {
      "autodown": false
    },
    "120363196495304315@newsletter": {
      "autodown": false
    },
    "120363326851777285@newsletter": {
      "autodown": false
    },
    "120363047752200594@g.us": {
      "autodown": false
    },
    "120363320710494468@g.us": {
      "autodown": false
    },
    "120363355814731235@newsletter": {
      "autodown": false
    },
    "120363316702111578@newsletter": {
      "autodown": false
    },
    "120363320426852550@newsletter": {
      "autodown": false
    },
    "120363112543921071@g.us": {
      "autodown": false
    },
    "120363350362122476@g.us": {
      "autodown": false
    },
    "6285892635144@s.whatsapp.net": {
      "autodown": false
    },
    "120363333437287847@g.us": {
      "autodown": false
    },
    "120363305915140322@newsletter": {
      "autodown": false
    },
    "120363335670403327@g.us": {
      "autodown": false
    },
    "120363366318772160@newsletter": {
      "autodown": false
    },
    "120363207315318741@g.us": {
      "autodown": false
    },
    "120363304082022158@newsletter": {
      "autodown": false
    },
    "120363186307379465@newsletter": {
      "autodown": false
    },
    "120363329290204598@newsletter": {
      "autodown": false
    },
    "120363332624019088@newsletter": {
      "autodown": false
    },
    "120363295825562726@newsletter": {
      "autodown": false
    },
    "120363302631580703@newsletter": {
      "autodown": false
    },
    "120363319314627296@newsletter": {
      "autodown": false
    },
    "120363319787389012@newsletter": {
      "autodown": false
    },
    "6283897638614@s.whatsapp.net": {
      "autodown": false
    },
    "6283169681464@s.whatsapp.net": {
      "autodown": false
    },
    "120363297155873412@newsletter": {
      "autodown": false
    },
    "120363307106754356@newsletter": {
      "autodown": false
    },
    "120363301894134063@newsletter": {
      "autodown": false
    },
    "120363304326811869@newsletter": {
      "autodown": false
    },
    "6285774434360@s.whatsapp.net": {
      "autodown": false
    },
    "120363335582769102@newsletter": {
      "autodown": false
    },
    "120363320747135597@g.us": {
      "autodown": false
    },
    "120363276185090025@newsletter": {
      "autodown": false
    },
    "120363312464118948@newsletter": {
      "autodown": false
    },
    "120363313063644113@newsletter": {
      "autodown": false
    },
    "60104674034@s.whatsapp.net": {
      "autodown": false
    },
    "120363307180218190@g.us": {
      "autodown": false
    },
    "120363280937368012@newsletter": {
      "autodown": false
    },
    "120363364409601854@newsletter": {
      "autodown": false
    },
    "120363306176036510@newsletter": {
      "autodown": false
    },
    "6285219774606@s.whatsapp.net": {
      "autodown": false
    },
    "120363332314253002@newsletter": {
      "autodown": false
    },
    "6281945559810@s.whatsapp.net": {
      "autodown": false
    },
    "120363334766163982@newsletter": {
      "autodown": false
    },
    "120363293850093824@newsletter": {
      "autodown": false
    },
    "120363189539738060@newsletter": {
      "autodown": false
    },
    "120363370251516859@newsletter": {
      "autodown": false
    },
    "601140559863@s.whatsapp.net": {
      "autodown": false
    },
    "120363343377840531@newsletter": {
      "autodown": false
    },
    "120363196971795900@newsletter": {
      "autodown": false
    },
    "6285718291160@s.whatsapp.net": {
      "autodown": false
    },
    "62895322391225@s.whatsapp.net": {
      "autodown": false
    },
    "6289676261752@s.whatsapp.net": {
      "autodown": false
    },
    "6281363683166@s.whatsapp.net": {
      "autodown": false
    },
    "120363313132541811@newsletter": {
      "autodown": false
    },
    "6282217995719@s.whatsapp.net": {
      "autodown": false
    },
    "120363193509141242@newsletter": {
      "autodown": false
    }
  },
  "database": {},
  "groups": {},
  "game": {},
  "settings": {
    "62895417817823@s.whatsapp.net": {
      "autodownload": false
    }
  },
  "others": {},
  "sticker": {}
}